condition,n,pose_return_mean,pose_return_sd,env_return_mean,env_return_sd,keypoint_mse_mean,keypoint_mse_sd,length_mean,length_sd
dropout_hold_p_0.30,3,812.3074574699452,6.5134586821430345,1039.037953153695,0.39562648731024436,0.006071449518378067,0.0004447053352272891,1000.0,0.0
bias_feet_0.05,3,808.596925662071,1.1085764359206007,1039.932418030936,1.9841953335324094,0.006072192955913067,0.0001955883872636425,1000.0,0.0
dropout_zero_p_0.30,3,803.9955235393041,11.905934032265597,1044.048555759489,9.431040445097874,0.0063619762745433335,0.0004243505185424682,1000.0,0.0
dropout_masked_p_0.30,3,804.3217755245554,4.734882632821489,1034.1539879790146,1.9593782987282868,0.006412530868769667,0.00014299283873110943,1000.0,0.0
dropout_hold_p_0.10,3,796.7643804640637,16.18491864519943,1043.7505826646668,4.73708458388657,0.006655720803676333,0.0005898992275432495,1000.0,0.0
jitter_sigma_0.05,3,600.9472352048496,364.54278171109223,830.7018591095397,359.093373536352,0.008813559052511967,0.004912468719389949,757.6666666666666,419.7336457008579
bias_feet_0.10,3,600.5596302241703,344.4600125970517,1249.0632797731635,919.0080701638407,0.009375572017484566,0.0050877979861027635,768.1999999999999,401.48937719446576
jitter_sigma_0.10,3,359.56419175336265,374.37477702399957,558.7985973731901,422.3439004115448,0.009967308804201101,0.004527191136295435,468.40000000000003,460.56830112373126
clean,3,435.7623349728742,330.260388754498,702.6015708155537,360.68219641668185,0.014361328782807367,0.007805336329969016,578.0666666666667,383.9547021893772
